first_name,last_name,email,city,state
Lonnie,Everett,shermancaleb@example.org,New Jason,OR
Linda,Richards,monica46@example.org,Vincentmouth,NY
Joshua,Joyce,richardsontimothy@example.net,Port Andreabury,NY
Curtis,Davis,michaelbailey@example.org,Jessemouth,OR
Tyrone,Cox,destiny21@example.org,Port Tylerbury,TX
Gabriel,Schmitt,josephburke@example.org,Lisatown,CO
Dana,Gould,barberlaura@example.net,Alexandraview,TX
Ashley,Sutton,timothy54@example.org,Thomasbury,CO
Carlos,Phelps,grandolph@example.net,South Ashley,OR
Jessica,Chambers,timothy70@example.com,Flynnmouth,TX
Rachael,James,shaundavis@example.net,North Jason,NY
Gregory,Fernandez,olee@example.com,Millerside,NY
Jeffrey,Reyes,moorevictor@example.com,Jonesfort,NY
David,Evans,cporter@example.org,Wardbury,CA
David,Lee,michael83@example.net,North Evan,CA
Michael,Davis,mmiller@example.com,South Susan,CO
Carrie,Allen,mhoward@example.com,New Lindsey,CA
Heather,Martin,zimmermandavid@example.com,Lynntown,TX
Dave,Howell,stuart37@example.net,Lake Kellyfort,OR
Danielle,Harrison,max31@example.net,Garnermouth,WA
John,Allen,sarahtapia@example.org,Scottfort,TX
Steve,West,gaineschristina@example.org,North Michaelshire,OR
Douglas,Brown,kimberly62@example.net,East Tony,WA
Scott,Freeman,jenniferhouston@example.net,Russellfort,NY
Jennifer,Evans,heidi01@example.net,North Aliciabury,CO
Charles,Freeman,ntaylor@example.org,Lake Elizabeth,OR
Laura,Mathis,alexanderevans@example.net,Jacksonborough,CA
Tony,Hunter,nicholas08@example.org,North Dylan,OR
Mark,Mccann,nicolemartinez@example.com,Kellymouth,CO
Daniel,Welch,joseph01@example.net,Johnsonside,NY
Autumn,Morgan,xgould@example.com,Johnstonmouth,CA
Blake,Russell,kimberly91@example.net,West Jonathanfurt,WA
Darrell,Duncan,richard89@example.org,Colemantown,CA
David,Knox,turnerjeremy@example.org,North Seanborough,CO
Brenda,Bryant,tamifletcher@example.com,Kingview,NY
Thomas,Flowers,sean98@example.net,Pattonfort,WA
Robert,Sullivan,bryanhernandez@example.net,New Juan,WA
Kelly,Cardenas,beanmatthew@example.net,New Maryland,CA
Travis,Zuniga,georgedrake@example.com,East Laurenburgh,TX
Adrian,Wilson,damon81@example.com,East Lisa,CO
Alexander,Medina,eball@example.com,North Heidi,CA
Pamela,Campbell,carpenterstacey@example.net,Port Anthony,TX
Elizabeth,Pacheco,zscott@example.org,North Kathy,TX
Seth,Hill,wlutz@example.com,Port Javier,CO
Sara,Foley,jennifer35@example.org,Lopezmouth,TX
Dwayne,Torres,michael65@example.org,Samuelfort,TX
Ronald,Wright,rwalton@example.org,Port Samantha,WA
Latoya,Hall,jennifermorris@example.net,Kimberlyburgh,TX
William,Martin,kristin81@example.com,Rachelview,NY
Tonya,Mckay,john49@example.net,New Kevinberg,CO
